Workbook

Sheet README
B1: Factor Desk — XIRR & S&P 500 Benchmark
B2: Money-weighted return for your factor-investing account, by year, all-time, and custom ranges — compared to the S&P 500.
B4: HOW IT WORKS (read once)
B5: 1. Upload this file to Google Drive and open it with Google Sheets (the benchmark uses GOOGLEFINANCE, which only runs in Google Sheets).
B6: 2. Cash Flows tab — enter every time YOU added or removed your own money (from your IB statements). Deposits are negative, withdrawals positive. Rebalancing trades are NOT cash flows — ignore them.
B7: 3. Quarter Values tab — for each quarter, enter your 30 positions' total value PLUS leftover cash = your account's total value on that date. The last row = today's value.
B8: 4. The XIRR tab then shows your return and the S&P 500's return on the SAME dated flows — by year, all-time, and any custom range you pick.
B10: COLOUR KEY
B11: Blue text = you type it in. Black text = a formula, leave it alone. Green text = pulled from another tab or GOOGLEFINANCE.
B13: IMPORTANT — what XIRR needs
B14: XIRR separates 'the market went up' from 'I deposited more money'. That is why your deposits (Cash Flows tab) and your account values (Quarter Values tab) are entered separately. You need both.
B15: Quarterly rebalancing (selling 30 names, buying 30 new ones) never leaves the account, so it is NOT a cash flow. Only your own deposits/withdrawals go in the Cash Flows tab.
B16: Your return is exact if your dated deposits and quarter-end values are exact. Approximate inputs give an approximate return.

Sheet Cash Flows
A1: Date | B1: Amount (your money) | C1: Type | D1: Note
A2: 46045 | B2: -100000 | C2: Deposit | D2: Initial amount
A3: 46127 | B3: -15000 | C3: Deposit | D3: Top-up
A4: 46162 | B4: -10000 | C4: Deposit | D4: Top-up
A41: Deposits NEGATIVE, withdrawals POSITIVE. Dates as YYYY-MM-DD. These are the only cash flows XIRR uses (besides your account value on the valuation date).

Sheet Quarter Values
A1: Quarter date | B1: Invested value (30 positions) | C1: Leftover cash | D1: Total account value | E1: SPY price (auto) | F1: Note
A2: 46045 | B2: 98500 | C2: 1500 | D2: =B2+C2 -> 100000 | E2: =IFERROR(INDEX(googlefinance("SPY","close",A2),2,2),"") | F2: Q1 start
A3: 46162 | B3: 132000 | C3: 3000 | D3: =B3+C3 -> 135000 | E3: =IFERROR(INDEX(googlefinance("SPY","close",A3),2,2),"") | F3: Q2
A4: 46188 | B4: 141000 | C4: 2500 | D4: =B4+C4 -> 143500 | E4: =IFERROR(INDEX(googlefinance("SPY","close",A4),2,2),"") | F4: Today / latest value
D5: =IF(N(A5)=0,"",B5+C5) | E5: =IF(N(A5)=0,"",IFERROR(INDEX(googlefinance("SPY","close",A5),2,2),""))
D6: =IF(N(A6)=0,"",B6+C6) | E6: =IF(N(A6)=0,"",IFERROR(INDEX(googlefinance("SPY","close",A6),2,2),""))
D7: =IF(N(A7)=0,"",B7+C7) | E7: =IF(N(A7)=0,"",IFERROR(INDEX(googlefinance("SPY","close",A7),2,2),""))
D8: =IF(N(A8)=0,"",B8+C8) | E8: =IF(N(A8)=0,"",IFERROR(INDEX(googlefinance("SPY","close",A8),2,2),""))
D9: =IF(N(A9)=0,"",B9+C9) | E9: =IF(N(A9)=0,"",IFERROR(INDEX(googlefinance("SPY","close",A9),2,2),""))
D10: =IF(N(A10)=0,"",B10+C10) | E10: =IF(N(A10)=0,"",IFERROR(INDEX(googlefinance("SPY","close",A10),2,2),""))
D11: =IF(N(A11)=0,"",B11+C11) | E11: =IF(N(A11)=0,"",IFERROR(INDEX(googlefinance("SPY","close",A11),2,2),""))
D12: =IF(N(A12)=0,"",B12+C12) | E12: =IF(N(A12)=0,"",IFERROR(INDEX(googlefinance("SPY","close",A12),2,2),""))
D13: =IF(N(A13)=0,"",B13+C13) | E13: =IF(N(A13)=0,"",IFERROR(INDEX(googlefinance("SPY","close",A13),2,2),""))
D14: =IF(N(A14)=0,"",B14+C14) | E14: =IF(N(A14)=0,"",IFERROR(INDEX(googlefinance("SPY","close",A14),2,2),""))
D15: =IF(N(A15)=0,"",B15+C15) | E15: =IF(N(A15)=0,"",IFERROR(INDEX(googlefinance("SPY","close",A15),2,2),""))
D16: =IF(N(A16)=0,"",B16+C16) | E16: =IF(N(A16)=0,"",IFERROR(INDEX(googlefinance("SPY","close",A16),2,2),""))
... D34: =IF(N(A34)=0,"",B34+C34) | E34: =IF(N(A34)=0,"",IFERROR(INDEX(googlefinance("SPY","close",A34),2,2),""))

Sheet XIRR
B1: Returns — you vs S&P 500
B2: Money-weighted (XIRR). Your flows from Cash Flows tab + account value from Quarter Values tab. SPY column uses the same dated flows.
B3: Combined cash-flow series (built automatically)
B4: Date | C4: Your flow | D4: SPY units | E4: SPY flow (same € in SPY)
B5: =IF(N('Cash Flows'!A2)=0,"",'Cash Flows'!A2) -> 46045 | C5: =IF(N('Cash Flows'!A2)=0,"",'Cash Flows'!B2) -> -100000 | D5: =IF(N(B5)=0,"",IFERROR(-C5/INDEX(googlefinance("SPY","close",B5),2,2),"")) | E5: =IF(N(B5)=0,"",C5) -> -100000
B6: =IF(N('Cash Flows'!A3)=0,"",'Cash Flows'!A3) -> 46127 | C6: =IF(N('Cash Flows'!A3)=0,"",'Cash Flows'!B3) -> -15000 | D6: =IF(N(B6)=0,"",IFERROR(-C6/INDEX(googlefinance("SPY","close",B6),2,2),"")) | E6: =IF(N(B6)=0,"",C6) -> -15000
B7: =IF(N('Cash Flows'!A4)=0,"",'Cash Flows'!A4) -> 46162 | C7: =IF(N('Cash Flows'!A4)=0,"",'Cash Flows'!B4) -> -10000 | D7: =IF(N(B7)=0,"",IFERROR(-C7/INDEX(googlefinance("SPY","close",B7),2,2),"")) | E7: =IF(N(B7)=0,"",C7) -> -10000
B8: =IF(N('Cash Flows'!A5)=0,"",'Cash Flows'!A5) | C8: =IF(N('Cash Flows'!A5)=0,"",'Cash Flows'!B5) | D8: =IF(N(B8)=0,"",IFERROR(-C8/INDEX(googlefinance("SPY","close",B8),2,2),"")) | E8: =IF(N(B8)=0,"",C8)
B9: =IF(N('Cash Flows'!A6)=0,"",'Cash Flows'!A6) | C9: =IF(N('Cash Flows'!A6)=0,"",'Cash Flows'!B6) | D9: =IF(N(B9)=0,"",IFERROR(-C9/INDEX(googlefinance("SPY","close",B9),2,2),"")) | E9: =IF(N(B9)=0,"",C9)
B10: =IF(N('Cash Flows'!A7)=0,"",'Cash Flows'!A7) | C10: =IF(N('Cash Flows'!A7)=0,"",'Cash Flows'!B7) | D10: =IF(N(B10)=0,"",IFERROR(-C10/INDEX(googlefinance("SPY","close",B10),2,2),"")) | E10: =IF(N(B10)=0,"",C10)
B11: =IF(N('Cash Flows'!A8)=0,"",'Cash Flows'!A8) | C11: =IF(N('Cash Flows'!A8)=0,"",'Cash Flows'!B8) | D11: =IF(N(B11)=0,"",IFERROR(-C11/INDEX(googlefinance("SPY","close",B11),2,2),"")) | E11: =IF(N(B11)=0,"",C11)
B12: =IF(N('Cash Flows'!A9)=0,"",'Cash Flows'!A9) | C12: =IF(N('Cash Flows'!A9)=0,"",'Cash Flows'!B9) | D12: =IF(N(B12)=0,"",IFERROR(-C12/INDEX(googlefinance("SPY","close",B12),2,2),"")) | E12: =IF(N(B12)=0,"",C12)
B13: =IF(N('Cash Flows'!A10)=0,"",'Cash Flows'!A10) | C13: =IF(N('Cash Flows'!A10)=0,"",'Cash Flows'!B10) | D13: =IF(N(B13)=0,"",IFERROR(-C13/INDEX(googlefinance("SPY","close",B13),2,2),"")) | E13: =IF(N(B13)=0,"",C13)
B14: =IF(N('Cash Flows'!A11)=0,"",'Cash Flows'!A11) | C14: =IF(N('Cash Flows'!A11)=0,"",'Cash Flows'!B11) | D14: =IF(N(B14)=0,"",IFERROR(-C14/INDEX(googlefinance("SPY","close",B14),2,2),"")) | E14: =IF(N(B14)=0,"",C14)
B15: =IF(N('Cash Flows'!A12)=0,"",'Cash Flows'!A12) | C15: =IF(N('Cash Flows'!A12)=0,"",'Cash Flows'!B12) | D15: =IF(N(B15)=0,"",IFERROR(-C15/INDEX(googlefinance("SPY","close",B15),2,2),"")) | E15: =IF(N(B15)=0,"",C15)
B16: =IF(N('Cash Flows'!A13)=0,"",'Cash Flows'!A13) | C16: =IF(N('Cash Flows'!A13)=0,"",'Cash Flows'!B13) | D16: =IF(N(B16)=0,"",IFERROR(-C16/INDEX(googlefinance("SPY","close",B16),2,2),"")) | E16: =IF(N(B16)=0,"",C16)
... B39: =IF(N('Cash Flows'!A36)=0,"",'Cash Flows'!A36) | C39: =IF(N('Cash Flows'!A36)=0,"",'Cash Flows'!B36) | D39: =IF(N(B39)=0,"",IFERROR(-C39/INDEX(googlefinance("SPY","close",B39),2,2),"")) | E39: =IF(N(B39)=0,"",C39)
B40: =MAX('Quarter Values'!A2:A34) -> 46188 | C40: =IFERROR(INDEX('Quarter Values'!D2:D34,MATCH(MAX('Quarter Values'!A2:A34),'Quarter Values'!A2:A34,0)),"") -> 143500 | D40: =SUM(D5:D39) -> 0 | E40: =IFERROR(D40*INDEX(googlefinance("SPY","close",B40),2,2),"") | F40: <- final account value (you) and SPY-equivalent value
B43: RESULTS
B44: Metric | C44: You | D44: S&P 500 | E44: Difference
B45: All-time XIRR | C45: =IFERROR(XIRR(filter(C5:C40,B5:B40<>""),filter(B5:B40,B5:B40<>"")),"—") -> — | D45: =IFERROR(XIRR(filter(E5:E40,B5:B40<>""),filter(B5:B40,B5:B40<>"")),"—") -> — | E45: =IFERROR(C45-D45,"—") -> —
B47: Custom range
B48: From date | C48: 46023
B49: To date | C49: 46387
B50: XIRR in range (you) | C50: =IFERROR(XIRR(filter(C5:C40,(B5:B40<>"")*(B5:B40>=C48)*(B5:B40<=C49)),filter(B5:B40,(B5:B40<>"")*(B5:B40>=C48)*(B5:B40<=C49))),"—") -> —
B51: XIRR in range (SPY) | C51: =IFERROR(XIRR(filter(E5:E40,(B5:B40<>"")*(B5:B40>=C48)*(B5:B40<=C49)),filter(B5:B40,(B5:B40<>"")*(B5:B40>=C48)*(B5:B40<=C49))),"—") -> —
B52: Difference | C52: =IFERROR(C50-C51,"—") -> —
B54: Note: range XIRR uses deposits within the dates; for a true year-by-year figure, also add a Quarter Values row at each year-end so the opening/closing value is captured.
